Workbook

Sheet Read Me
A1: OTH TECH Asset Record: sheet kaise use karni hai
A2: 1. Har tab (Screens, Mobiles, Cables ...) web page par ek folder banta hai. Naya folder chahiye to naya tab banayein aur tab ka naam folder ka naam hoga.
A3: 2. Har folder tab mein row 1 ke headers wohi rakhein: Asset ID, Item, Brand, Model, Serial No, Qty, Status, Assigned To, Location, Purchase Date, Remarks.
A4: 3. Status sirf dropdown se chunein: In Use, In Stock, Damaged, Broken.
A5: 4. Mobile, screen, laptop jaisi cheezon ki har ek ki alag row, Qty = 1.
A6: 5. Cables, connectors, stands jaisi cheezon ke liye status ke hisaab se rows: jaise Type-C Cable, Qty 20, In Use; phir Type-C Cable, Qty 6, In Stock; phir Qty 2, Damaged.
A7: 6. Purchases tab mein jab bhi kuch khareedein nayi row add karein. Total (PKR) khud banta hai.
A8: 7. Tab jinka naam Summary ya Read Me ho, ya jo _ se shuru ho, web page par nahi dikhte.
A9: 8. Sheet mein badlav karne ke baad web page 1 minute ke andar khud update ho jata hai (ya Refresh dabayein).
A10: Note: Maujooda saara data random SAMPLE data hai. Apna asal data daalne se pehle sample rows delete kar dein.

Sheet Screens
A1: Asset ID | B1: Item | C1: Brand | D1: Model | E1: Serial No | F1: Qty | G1: Status | H1: Assigned To | I1: Location | J1: Purchase Date | K1: Remarks
A2: SCR-001 | B2: LED Monitor | C2: HP | D2: M24f | E2: HP97366946 | F2: 1 | G2: Broken | I2: Store Room | J2: 44354 | K2: Cable cut near joint
A3: SCR-002 | B3: LED Monitor | C3: Dell | D3: P2422H | E3: DEL22633920 | F3: 1 | G3: In Stock | I3: Store Room | J3: 45004
A4: SCR-003 | B4: LED Monitor | C4: AOC | D4: 24B1H | E4: AOC15032582 | F4: 1 | G4: In Use | H4: Hassan Iqbal | I4: Floor 1 | J4: 44432
A5: SCR-004 | B5: LED Monitor | C5: Samsung | D5: S24R350 | E5: SAM83960310 | F5: 1 | G5: In Use | H5: Hamza Ali | I5: Main Office | J5: 45125
A6: SCR-005 | B6: LED Monitor | C6: Dell | D6: P2422H | E6: DEL26616417 | F6: 1 | G6: In Stock | I6: Store Room | J6: 46196
A7: SCR-006 | B7: LED Monitor | C7: LG | D7: 24MK600 | E7: LG87457446 | F7: 1 | G7: In Use | H7: Maryam Javed | I7: Main Office | J7: 45455
A8: SCR-007 | B8: LED Monitor | C8: Samsung | D8: S24R350 | E8: SAM84714297 | F8: 1 | G8: In Use | H8: Hamza Ali | I8: Main Office | J8: 46014
A9: SCR-008 | B9: LED Monitor | C9: LG | D9: 24MK600 | E9: LG25809806 | F9: 1 | G9: In Use | H9: Sana Malik | I9: Reception | J9: 45425
A10: SCR-009 | B10: LED Monitor | C10: HP | D10: M24f | E10: HP23831903 | F10: 1 | G10: In Use | H10: Imran Sheikh | I10: Floor 1 | J10: 45447
A11: SCR-010 | B11: LED Monitor | C11: AOC | D11: 24B1H | E11: AOC83517017 | F11: 1 | G11: In Use | H11: Usman Tariq | I11: Main Office | J11: 45714
A12: SCR-011 | B12: LED Monitor | C12: Dell | D12: P2422H | E12: DEL76627625 | F12: 1 | G12: In Use | H12: Maryam Javed | I12: Floor 1 | J12: 45649
A13: SCR-012 | B13: LED Monitor | C13: AOC | D13: 24B1H | E13: AOC88592782 | F13: 1 | G13: In Use | H13: Usman Tariq | I13: Meeting Room | J13: 46147
A14: SCR-013 | B14: LED Monitor | C14: Samsung | D14: S24R350 | E14: SAM42762079 | F14: 1 | G14: In Use | H14: Hamza Ali | I14: Floor 1 | J14: 44423
A15: SCR-014 | B15: LED Monitor | C15: AOC | D15: 24B1H | E15: AOC70241505 | F15: 1 | G15: In Use | H15: Zain Abbas | I15: Floor 2 | J15: 44845
A16: SCR-015 | B16: LED Monitor | C16: AOC | D16: 24B1H | E16: AOC78710461 | F16: 1 | G16: Broken | I16: Store Room | J16: 45112 | K16: Not powering on
A17: SCR-016 | B17: LED Monitor | C17: LG | D17: 24MK600 | E17: LG30399018 | F17: 1 | G17: In Stock | I17: Store Room | J17: 46167

Sheet Mobiles
A1: Asset ID | B1: Item | C1: Brand | D1: Model | E1: Serial No | F1: Qty | G1: Status | H1: Assigned To | I1: Location | J1: Purchase Date | K1: Remarks
A2: MOB-001 | B2: Mobile Phone | C2: Infinix | D2: Note 30 | E2: INF84903659 | F2: 1 | G2: In Use | H2: Imran Sheikh | I2: Main Office | J2: 45429
A3: MOB-002 | B3: Mobile Phone | C3: Xiaomi | D3: Redmi Note 12 | E3: XIA76662562 | F3: 1 | G3: In Use | H3: Usman Tariq | I3: Reception | J3: 45443
A4: MOB-003 | B4: Mobile Phone | C4: Infinix | D4: Note 30 | E4: INF73632401 | F4: 1 | G4: In Use | H4: Bilal Khan | I4: Floor 2 | J4: 45683
A5: MOB-004 | B5: Mobile Phone | C5: Samsung | D5: Galaxy A34 | E5: SAM96856164 | F5: 1 | G5: In Use | H5: Hira Aslam | I5: Floor 2 | J5: 45439
A6: MOB-005 | B6: Mobile Phone | C6: Infinix | D6: Note 30 | E6: INF13028344 | F6: 1 | G6: In Use | H6: Fatima Noor | I6: Floor 2 | J6: 46182
A7: MOB-006 | B7: Mobile Phone | C7: Infinix | D7: Note 30 | E7: INF76262352 | F7: 1 | G7: In Use | H7: Maryam Javed | I7: Main Office | J7: 44376
A8: MOB-007 | B8: Mobile Phone | C8: Apple | D8: iPhone 12 | E8: APP27359750 | F8: 1 | G8: In Stock | I8: Store Room | J8: 45768
A9: MOB-008 | B9: Mobile Phone | C9: Apple | D9: iPhone 12 | E9: APP32329304 | F9: 1 | G9: In Use | H9: Zain Abbas | I9: Main Office | J9: 45175
A10: MOB-009 | B10: Mobile Phone | C10: Infinix | D10: Note 30 | E10: INF83849218 | F10: 1 | G10: In Use | H10: Sana Malik | I10: Meeting Room | J10: 44826
A11: MOB-010 | B11: Mobile Phone | C11: Infinix | D11: Note 30 | E11: INF40970943 | F11: 1 | G11: Broken | I11: Store Room | J11: 44565 | K11: Cable cut near joint
A12: MOB-011 | B12: Mobile Phone | C12: Samsung | D12: Galaxy A34 | E12: SAM11619076 | F12: 1 | G12: In Use | H12: Hamza Ali | I12: Floor 1 | J12: 45249
A13: MOB-012 | B13: Mobile Phone | C13: Apple | D13: iPhone 12 | E13: APP66230047 | F13: 1 | G13: In Use | H13: Ahmed Raza | I13: Floor 1 | J13: 45350

Sheet Laptops
A1: Asset ID | B1: Item | C1: Brand | D1: Model | E1: Serial No | F1: Qty | G1: Status | H1: Assigned To | I1: Location | J1: Purchase Date | K1: Remarks
A2: LAP-001 | B2: Laptop | C2: Lenovo | D2: ThinkPad E14 | E2: LEN79188088 | F2: 1 | G2: In Use | H2: Usman Tariq | I2: Floor 1 | J2: 46202
A3: LAP-002 | B3: Laptop | C3: Dell | D3: Latitude 5420 | E3: DEL62664205 | F3: 1 | G3: In Use | H3: Imran Sheikh | I3: Reception | J3: 45071
A4: LAP-003 | B4: Laptop | C4: Apple | D4: MacBook Air M1 | E4: APP18354761 | F4: 1 | G4: In Use | H4: Zain Abbas | I4: Meeting Room | J4: 44646
A5: LAP-004 | B5: Laptop | C5: Dell | D5: Latitude 5420 | E5: DEL31783965 | F5: 1 | G5: Broken | I5: Store Room | J5: 44481 | K5: Pins broken
A6: LAP-005 | B6: Laptop | C6: Lenovo | D6: ThinkPad E14 | E6: LEN86072408 | F6: 1 | G6: In Use | H6: Bilal Khan | I6: Main Office | J6: 44565
A7: LAP-006 | B7: Laptop | C7: Dell | D7: Latitude 5420 | E7: DEL19437596 | F7: 1 | G7: Broken | I7: Store Room | J7: 46046 | K7: Screen cracked
A8: LAP-007 | B8: Laptop | C8: HP | D8: ProBook 450 G8 | E8: HP56625835 | F8: 1 | G8: In Use | H8: Sana Malik | I8: Floor 2 | J8: 45489
A9: LAP-008 | B9: Laptop | C9: Lenovo | D9: ThinkPad E14 | E9: LEN72544046 | F9: 1 | G9: In Use | H9: Bilal Khan | I9: Meeting Room | J9: 45239
A10: LAP-009 | B10: Laptop | C10: Apple | D10: MacBook Air M1 | E10: APP55987803 | F10: 1 | G10: In Use | H10: Sana Malik | I10: Main Office | J10: 45772
A11: LAP-010 | B11: Laptop | C11: Lenovo | D11: ThinkPad E14 | E11: LEN79301246 | F11: 1 | G11: In Use | H11: Hira Aslam | I11: Floor 1 | J11: 44303
A12: LAP-011 | B12: Laptop | C12: HP | D12: ProBook 450 G8 | E12: HP58553593 | F12: 1 | G12: Broken | I12: Store Room | J12: 44556 | K12: Battery swollen
A13: LAP-012 | B13: Laptop | C13: Dell | D13: Latitude 5420 | E13: DEL50008920 | F13: 1 | G13: In Stock | I13: Store Room | J13: 45572
A14: LAP-013 | B14: Laptop | C14: Dell | D14: Latitude 5420 | E14: DEL45046288 | F14: 1 | G14: In Stock | I14: Store Room | J14: 45317
A15: LAP-014 | B15: Laptop | C15: Lenovo | D15: ThinkPad E14 | E15: LEN39902737 | F15: 1 | G15: Damaged | I15: Store Room | J15: 45346 | K15: Display lines

Sheet Mac Mini
A1: Asset ID | B1: Item | C1: Brand | D1: Model | E1: Serial No | F1: Qty | G1: Status | H1: Assigned To | I1: Location | J1: Purchase Date | K1: Remarks
A2: MAC-001 | B2: Mac Mini | C2: Apple | D2: Mac mini M2 | E2: APP42130069 | F2: 1 | G2: In Use | H2: Maryam Javed | I2: Floor 1 | J2: 45931
A3: MAC-002 | B3: Mac Mini | C3: Apple | D3: Mac mini M2 | E3: APP40432459 | F3: 1 | G3: In Stock | I3: Store Room | J3: 44665
A4: MAC-003 | B4: Mac Mini | C4: Apple | D4: Mac mini M2 | E4: APP47502921 | F4: 1 | G4: In Use | H4: Ahmed Raza | I4: Main Office | J4: 45223
A5: MAC-004 | B5: Mac Mini | C5: Apple | D5: Mac mini M2 | E5: APP70025882 | F5: 1 | G5: In Use | H5: Maryam Javed | I5: Floor 2 | J5: 45911
A6: MAC-005 | B6: Mac Mini | C6: Apple | D6: Mac mini M2 | E6: APP20809644 | F6: 1 | G6: Broken | I6: Store Room | J6: 44707 | K6: Display lines
A7: MAC-006 | B7: Mac Mini | C7: Apple | D7: Mac mini M1 | E7: APP37430528 | F7: 1 | G7: In Use | H7: Hamza Ali | I7: Floor 2 | J7: 45244

Sheet CPU
A1: Asset ID | B1: Item | C1: Brand | D1: Model | E1: Serial No | F1: Qty | G1: Status | H1: Assigned To | I1: Location | J1: Purchase Date | K1: Remarks
A2: CPU-001 | B2: Desktop CPU | C2: Lenovo | D2: ThinkCentre M70 | E2: LEN74353833 | F2: 1 | G2: Broken | I2: Store Room | J2: 46118 | K2: Screen cracked
A3: CPU-002 | B3: Desktop CPU | C3: Lenovo | D3: ThinkCentre M70 | E3: LEN98662305 | F3: 1 | G3: In Use | H3: Imran Sheikh | I3: Main Office | J3: 44501
A4: CPU-003 | B4: Desktop CPU | C4: HP | D4: ProDesk 400 G7 | E4: HP36752197 | F4: 1 | G4: In Stock | I4: Store Room | J4: 45235
A5: CPU-004 | B5: Desktop CPU | C5: Dell | D5: OptiPlex 3080 | E5: DEL21643368 | F5: 1 | G5: In Use | H5: Imran Sheikh | I5: Floor 2 | J5: 45896
A6: CPU-005 | B6: Desktop CPU | C6: Lenovo | D6: ThinkCentre M70 | E6: LEN31321298 | F6: 1 | G6: In Use | H6: Fatima Noor | I6: Main Office | J6: 44604
A7: CPU-006 | B7: Desktop CPU | C7: Dell | D7: OptiPlex 3080 | E7: DEL98027796 | F7: 1 | G7: In Use | H7: Maryam Javed | I7: Meeting Room | J7: 44555
A8: CPU-007 | B8: Desktop CPU | C8: Lenovo | D8: ThinkCentre M70 | E8: LEN73667109 | F8: 1 | G8: In Stock | I8: Store Room | J8: 45602
A9: CPU-008 | B9: Desktop CPU | C9: HP | D9: ProDesk 400 G7 | E9: HP12871813 | F9: 1 | G9: In Use | H9: Hassan Iqbal | I9: Floor 1 | J9: 44285
A10: CPU-009 | B10: Desktop CPU | C10: Lenovo | D10: ThinkCentre M70 | E10: LEN68224916 | F10: 1 | G10: In Use | H10: Hassan Iqbal | I10: Floor 1 | J10: 46041

Sheet Cables
A1: Asset ID | B1: Item | C1: Brand | D1: Model | E1: Serial No | F1: Qty | G1: Status | H1: Assigned To | I1: Location | J1: Purchase Date | K1: Remarks
A2: CBL-001 | B2: Power Cable | C2: Generic | D2: Figure-8 | F2: 29 | G2: In Use | I2: Floor 1 | J2: 44960
A3: CBL-002 | B3: Power Cable | C3: Generic | D3: Figure-8 | F3: 2 | G3: In Stock | I3: Store Room | J3: 44960
A4: CBL-003 | B4: Power Cable | C4: Generic | D4: IEC C13 | F4: 27 | G4: In Use | I4: Reception | J4: 45054
A5: CBL-004 | B5: Power Cable | C5: Generic | D5: IEC C13 | F5: 9 | G5: In Stock | I5: Store Room | J5: 45054
A6: CBL-005 | B6: Type-C Data Cable | C6: Anker | D6: PowerLine III | F6: 4 | G6: In Use | I6: Floor 2 | J6: 44830
A7: CBL-006 | B7: Type-C Data Cable | C7: Anker | D7: PowerLine III | F7: 12 | G7: In Stock | I7: Store Room | J7: 44830
A8: CBL-007 | B8: Type-C Data Cable | C8: Anker | D8: PowerLine III | F8: 7 | G8: Damaged | I8: Store Room | J8: 44830 | K8: Battery swollen
A9: CBL-008 | B9: HDMI Cable | C9: UGREEN | D9: HDMI 2.0 1.5m | F9: 7 | G9: In Use | I9: Reception | J9: 45589
A10: CBL-009 | B10: HDMI Cable | C10: UGREEN | D10: HDMI 2.0 1.5m | F10: 5 | G10: In Stock | I10: Store Room | J10: 45589
A11: CBL-010 | B11: HDMI Cable | C11: UGREEN | D11: HDMI 2.0 1.5m | F11: 1 | G11: Damaged | I11: Store Room | J11: 45589 | K11: Pins broken
A12: CBL-011 | B12: HDMI Cable | C12: UGREEN | D12: HDMI 2.0 1.5m | F12: 4 | G12: Broken | I12: Store Room | J12: 45589 | K12: Screen cracked
A13: CBL-012 | B13: LAN Cable | C13: D-Link | D13: Cat6 3m | F13: 28 | G13: In Use | I13: Floor 1 | J13: 46151
A14: CBL-013 | B14: LAN Cable | C14: D-Link | D14: Cat6 3m | F14: 6 | G14: In Stock | I14: Store Room | J14: 46151
A15: CBL-014 | B15: LAN Cable | C15: D-Link | D15: Cat6 3m | F15: 1 | G15: Broken | I15: Store Room | J15: 46151 | K15: Battery swollen

Sheet Connectors
A1: Asset ID | B1: Item | C1: Brand | D1: Model | E1: Serial No | F1: Qty | G1: Status | H1: Assigned To | I1: Location | J1: Purchase Date | K1: Remarks
A2: CON-001 | B2: HDMI to VGA Converter | C2: UGREEN | D2: 40253 | F2: 12 | G2: In Use | I2: Reception | J2: 44688
A3: CON-002 | B3: HDMI to VGA Converter | C3: UGREEN | D3: 40253 | F3: 13 | G3: In Stock | I3: Store Room | J3: 44688
A4: CON-003 | B4: HDMI to VGA Converter | C4: UGREEN | D4: 40253 | F4: 1 | G4: Damaged | I4: Store Room | J4: 44688 | K4: Battery swollen
A5: CON-004 | B5: USB Hub 4-Port | C5: Anker | D5: A7516 | F5: 10 | G5: In Use | I5: Main Office | J5: 44953
A6: CON-005 | B6: USB Hub 4-Port | C6: Anker | D6: A7516 | F6: 4 | G6: In Stock | I6: Store Room | J6: 44953
A7: CON-006 | B7: USB Hub 4-Port | C7: Anker | D7: A7516 | F7: 5 | G7: Damaged | I7: Store Room | J7: 44953 | K7: Screen cracked
A8: CON-007 | B8: USB Hub 4-Port | C8: Anker | D8: A7516 | F8: 1 | G8: Broken | I8: Store Room | J8: 44953 | K8: Pins broken
A9: CON-008 | B9: Type-C to HDMI Adapter | C9: Baseus | D9: CAHUB | F9: 21 | G9: In Use | I9: Reception | J9: 45228
A10: CON-009 | B10: Type-C to HDMI Adapter | C10: Baseus | D10: CAHUB | F10: 15 | G10: In Stock | I10: Store Room | J10: 45228
A11: CON-010 | B11: Type-C to HDMI Adapter | C11: Baseus | D11: CAHUB | F11: 6 | G11: Damaged | I11: Store Room | J11: 45228 | K11: Connector bent
A12: CON-011 | B12: Type-C to HDMI Adapter | C12: Baseus | D12: CAHUB | F12: 4 | G12: Broken | I12: Store Room | J12: 45228 | K12: Pins broken
A13: CON-012 | B13: DP to HDMI Adapter | C13: Baseus | D13: Lite | F13: 9 | G13: In Use | I13: Reception | J13: 45601
A14: CON-013 | B14: DP to HDMI Adapter | C14: Baseus | D14: Lite | F14: 7 | G14: In Stock | I14: Store Room | J14: 45601
A15: CON-014 | B15: DP to HDMI Adapter | C15: Baseus | D15: Lite | F15: 2 | G15: Damaged | I15: Store Room | J15: 45601 | K15: Pins broken
A16: CON-015 | B16: LAN Connector RJ45 | C16: Generic | D16: Cat6 | F16: 14 | G16: In Use | I16: Meeting Room | J16: 44811
A17: CON-016 | B17: LAN Connector RJ45 | C17: Generic | D17: Cat6 | F17: 8 | G17: In Stock | I17: Store Room | J17: 44811

Sheet Laptop Stands
A1: Asset ID | B1: Item | C1: Brand | D1: Model | E1: Serial No | F1: Qty | G1: Status | H1: Assigned To | I1: Location | J1: Purchase Date | K1: Remarks
A2: LST-001 | B2: Laptop Stand | C2: Rain Design | D2: mStand | F2: 5 | G2: In Use | I2: Floor 2 | J2: 44711
A3: LST-002 | B3: Laptop Stand | C3: Rain Design | D3: mStand | F3: 2 | G3: In Stock | I3: Store Room | J3: 44711
A4: LST-003 | B4: Laptop Stand | C4: Rain Design | D4: mStand | F4: 1 | G4: Damaged | I4: Store Room | J4: 44711 | K4: Display lines
A5: LST-004 | B5: Laptop Stand | C5: Generic | D5: Aluminium Foldable | F5: 9 | G5: In Use | I5: Floor 1 | J5: 44843
A6: LST-005 | B6: Laptop Stand | C6: Generic | D6: Aluminium Foldable | F6: 2 | G6: In Stock | I6: Store Room | J6: 44843
A7: LST-006 | B7: Laptop Stand | C7: Generic | D7: Aluminium Foldable | F7: 1 | G7: Broken | I7: Store Room | J7: 44843 | K7: Port loose

Sheet Mobile Stands
A1: Asset ID | B1: Item | C1: Brand | D1: Model | E1: Serial No | F1: Qty | G1: Status | H1: Assigned To | I1: Location | J1: Purchase Date | K1: Remarks
A2: MST-001 | B2: Mobile Stand | C2: Generic | D2: Desk Holder | F2: 9 | G2: In Use | I2: Reception | J2: 46008
A3: MST-002 | B3: Mobile Stand | C3: Generic | D3: Desk Holder | F3: 6 | G3: In Stock | I3: Store Room | J3: 46008
A4: MST-003 | B4: Mobile Stand | C4: Baseus | D4: Foldable | F4: 4 | G4: In Use | I4: Floor 2 | J4: 45214
A5: MST-004 | B5: Mobile Stand | C5: Baseus | D5: Foldable | F5: 2 | G5: In Stock | I5: Store Room | J5: 45214
A6: MST-005 | B6: Mobile Stand | C6: Baseus | D6: Foldable | F6: 3 | G6: Broken | I6: Store Room | J6: 45214 | K6: Screen cracked

Sheet Keyboard & Mouse
A1: Asset ID | B1: Item | C1: Brand | D1: Model | E1: Serial No | F1: Qty | G1: Status | H1: Assigned To | I1: Location | J1: Purchase Date | K1: Remarks
A2: KBM-001 | B2: Keyboard + Mouse Combo | C2: Logitech | D2: MK270 | F2: 7 | G2: In Use | I2: Reception | J2: 45349
A3: KBM-002 | B3: Keyboard + Mouse Combo | C3: Logitech | D3: MK270 | F3: 8 | G3: In Stock | I3: Store Room | J3: 45349
A4: KBM-003 | B4: Keyboard + Mouse Combo | C4: Logitech | D4: MK270 | F4: 1 | G4: Broken | I4: Store Room | J4: 45349 | K4: Water damage
A5: KBM-004 | B5: Keyboard + Mouse Combo | C5: HP | D5: KM100 | F5: 3 | G5: In Use | I5: Floor 2 | J5: 44776
A6: KBM-005 | B6: Keyboard + Mouse Combo | C6: HP | D6: KM100 | F6: 4 | G6: In Stock | I6: Store Room | J6: 44776
A7: KBM-006 | B7: Keyboard + Mouse Combo | C7: HP | D7: KM100 | F7: 1 | G7: Broken | I7: Store Room | J7: 44776 | K7: Port loose
A8: KBM-007 | B8: Mouse | C8: Logitech | D8: M221 | F8: 8 | G8: In Use | I8: Floor 2 | J8: 46240
A9: KBM-008 | B9: Mouse | C9: Logitech | D9: M221 | F9: 6 | G9: In Stock | I9: Store Room | J9: 46240
A10: KBM-009 | B10: Mouse | C10: Logitech | D10: M221 | F10: 2 | G10: Broken | I10: Store Room | J10: 46240 | K10: Pins broken

Sheet Chargers
A1: Asset ID | B1: Item | C1: Brand | D1: Model | E1: Serial No | F1: Qty | G1: Status | H1: Assigned To | I1: Location | J1: Purchase Date | K1: Remarks
A2: CHG-001 | B2: Laptop Charger | C2: Dell | D2: 65W Type-C | F2: 7 | G2: In Use | I2: Main Office | J2: 45996
A3: CHG-002 | B3: Laptop Charger | C3: Dell | D3: 65W Type-C | F3: 4 | G3: In Stock | I3: Store Room | J3: 45996
A4: CHG-003 | B4: Laptop Charger | C4: Dell | D4: 65W Type-C | F4: 2 | G4: Broken | I4: Store Room | J4: 45996 | K4: Not powering on
A5: CHG-004 | B5: Laptop Charger | C5: HP | D5: 65W Blue Tip | F5: 2 | G5: In Use | I5: Main Office | J5: 45112
A6: CHG-005 | B6: Laptop Charger | C6: HP | D6: 65W Blue Tip | F6: 4 | G6: In Stock | I6: Store Room | J6: 45112
A7: CHG-006 | B7: Laptop Charger | C7: HP | D7: 65W Blue Tip | F7: 1 | G7: Broken | I7: Store Room | J7: 45112 | K7: Connector bent
A8: CHG-007 | B8: Mobile Charger | C8: Samsung | D8: 25W | F8: 9 | G8: In Use | I8: Main Office | J8: 44811
A9: CHG-008 | B9: Mobile Charger | C9: Samsung | D9: 25W | F9: 5 | G9: In Stock | I9: Store Room | J9: 44811
A10: CHG-009 | B10: Mobile Charger | C10: Samsung | D10: 25W | F10: 2 | G10: Damaged | I10: Store Room | J10: 44811 | K10: Connector bent
A11: CHG-010 | B11: Mobile Charger | C11: Samsung | D11: 25W | F11: 1 | G11: Broken | I11: Store Room | J11: 44811 | K11: Battery swollen

Sheet Printers
A1: Asset ID | B1: Item | C1: Brand | D1: Model | E1: Serial No | F1: Qty | G1: Status | H1: Assigned To | I1: Location | J1: Purchase Date | K1: Remarks
A2: PRN-001 | B2: Printer | C2: HP | D2: LaserJet M111w | E2: HP45150991 | F2: 1 | G2: Damaged | I2: Store Room | J2: 44359 | K2: Port loose
A3: PRN-002 | B3: Printer | C3: HP | D3: LaserJet M111w | E3: HP81281134 | F3: 1 | G3: In Use | H3: Ayesha Siddiqui | I3: Floor 2 | J3: 45811
A4: PRN-003 | B4: Printer | C4: HP | D4: LaserJet M111w | E4: HP46308897 | F4: 1 | G4: In Use | H4: Hassan Iqbal | I4: Floor 1 | J4: 44966
A5: PRN-004 | B5: Printer | C5: HP | D5: LaserJet M111w | E5: HP12059721 | F5: 1 | G5: Broken | I5: Store Room | J5: 44293 | K5: Screen cracked

Sheet Purchases
A1: Date | B1: Item | C1: Brand | D1: Model | E1: Qty | F1: Unit Price (PKR) | G1: Total (PKR) | H1: Vendor | I1: Invoice No | J1: Folder | K1: Remarks
A2: 45836 | B2: Printer | C2: HP | D2: LaserJet M111w | E2: 2 | F2: 50800 | G2: =E2*F2 -> 101600 | H2: Techno City Multan | I2: INV-1233 | J2: Printers
A3: 45837 | B3: Mobile Phone | C3: Xiaomi | D3: Redmi Note 12 | E3: 2 | F3: 66400 | G3: =E3*F3 -> 132800 | H3: Hafeez Center Lahore | I3: INV-7240 | J3: Mobiles
A4: 45880 | B4: Printer | C4: Canon | D4: LBP6030 | E4: 3 | F4: 61150 | G4: =E4*F4 -> 183450 | H4: Laptop Mall | I4: INV-9263 | J4: Printers
A5: 45926 | B5: Mobile Stand | C5: Baseus | D5: Foldable | E5: 14 | F5: 950 | G5: =E5*F5 -> 13300 | H5: Daraz Business | I5: INV-4254 | J5: Mobile Stands
A6: 45934 | B6: Printer | C6: HP | D6: LaserJet M111w | E6: 3 | F6: 59100 | G6: =E6*F6 -> 177300 | H6: Alfatah Computers | I6: INV-2741 | J6: Printers
A7: 45934 | B7: Type-C Data Cable | C7: Anker | D7: PowerLine III | E7: 20 | F7: 1700 | G7: =E7*F7 -> 34000 | H7: Hafeez Center Lahore | I7: INV-6071 | J7: Cables
A8: 45936 | B8: Laptop Stand | C8: Generic | D8: Aluminium Foldable | E8: 10 | F8: 4150 | G8: =E8*F8 -> 41500 | H8: Laptop Mall | I8: INV-1081 | J8: Laptop Stands
A9: 45980 | B9: Mac Mini | C9: Apple | D9: Mac mini M2 | E9: 1 | F9: 150150 | G9: =E9*F9 -> 150150 | H9: Alfatah Computers | I9: INV-2374 | J9: Mac Mini
A10: 46008 | B10: Mouse | C10: Logitech | D10: M221 | E10: 4 | F10: 6100 | G10: =E10*F10 -> 24400 | H10: Daraz Business | I10: INV-9096 | J10: Keyboard & Mouse
A11: 46013 | B11: Mobile Phone | C11: Xiaomi | D11: Redmi Note 12 | E11: 1 | F11: 63850 | G11: =E11*F11 -> 63850 | H11: Laptop Mall | I11: INV-1682 | J11: Mobiles
A12: 46037 | B12: Laptop Stand | C12: Rain Design | D12: mStand | E12: 4 | F12: 4700 | G12: =E12*F12 -> 18800 | H12: Hafeez Center Lahore | I12: INV-5312 | J12: Laptop Stands
A13: 46062 | B13: Mobile Charger | C13: Samsung | D13: 25W | E13: 8 | F13: 7200 | G13: =E13*F13 -> 57600 | H13: Laptop Mall | I13: INV-7440 | J13: Chargers
... A17: 46217 | B17: Keyboard + Mouse Combo | C17: Logitech | D17: MK270 | E17: 12 | F17: 6000 | G17: =E17*F17 -> 72000 | H17: Rizwan Traders | I17: INV-4767 | J17: Keyboard & Mouse

Sheet Summary
A1: Summary (sheet ke liye, web page ise nahi dikhata)
A2: Yeh sheet khud calculate hoti hai. Qty khali ho to 1 ginti hai.
A4: Folder | B4: In Use | C4: In Stock | D4: Damaged | E4: Broken | F4: Total
A5: Screens | B5: =SUMPRODUCT((Screens!$G$2:$G$1000=B$4)*((Screens!$F$2:$F$1000="")+(Screens!$F$2:$F$1000))) -> 11 | C5: =SUMPRODUCT((Screens!$G$2:$G$1000=C$4)*((Screens!$F$2:$F$1000="")+(Screens!$F$2:$F$1000))) -> 3 | D5: =SUMPRODUCT((Screens!$G$2:$G$1000=D$4)*((Screens!$F$2:$F$1000="")+(Screens!$F$2:$F$1000))) -> 0 | E5: =SUMPRODUCT((Screens!$G$2:$G$1000=E$4)*((Screens!$F$2:$F$1000="")+(Screens!$F$2:$F$1000))) -> 2 | F5: =SUM(B5:E5) -> 16
A6: Mobiles | B6: =SUMPRODUCT((Mobiles!$G$2:$G$1000=B$4)*((Mobiles!$F$2:$F$1000="")+(Mobiles!$F$2:$F$1000))) -> 10 | C6: =SUMPRODUCT((Mobiles!$G$2:$G$1000=C$4)*((Mobiles!$F$2:$F$1000="")+(Mobiles!$F$2:$F$1000))) -> 1 | D6: =SUMPRODUCT((Mobiles!$G$2:$G$1000=D$4)*((Mobiles!$F$2:$F$1000="")+(Mobiles!$F$2:$F$1000))) -> 0 | E6: =SUMPRODUCT((Mobiles!$G$2:$G$1000=E$4)*((Mobiles!$F$2:$F$1000="")+(Mobiles!$F$2:$F$1000))) -> 1 | F6: =SUM(B6:E6) -> 12
A7: Laptops | B7: =SUMPRODUCT((Laptops!$G$2:$G$1000=B$4)*((Laptops!$F$2:$F$1000="")+(Laptops!$F$2:$F$1000))) -> 8 | C7: =SUMPRODUCT((Laptops!$G$2:$G$1000=C$4)*((Laptops!$F$2:$F$1000="")+(Laptops!$F$2:$F$1000))) -> 2 | D7: =SUMPRODUCT((Laptops!$G$2:$G$1000=D$4)*((Laptops!$F$2:$F$1000="")+(Laptops!$F$2:$F$1000))) -> 1 | E7: =SUMPRODUCT((Laptops!$G$2:$G$1000=E$4)*((Laptops!$F$2:$F$1000="")+(Laptops!$F$2:$F$1000))) -> 3 | F7: =SUM(B7:E7) -> 14
A8: Mac Mini | B8: =SUMPRODUCT(('Mac Mini'!$G$2:$G$1000=B$4)*(('Mac Mini'!$F$2:$F$1000="")+('Mac Mini'!$F$2:$F$1000))) -> 4 | C8: =SUMPRODUCT(('Mac Mini'!$G$2:$G$1000=C$4)*(('Mac Mini'!$F$2:$F$1000="")+('Mac Mini'!$F$2:$F$1000))) -> 1 | D8: =SUMPRODUCT(('Mac Mini'!$G$2:$G$1000=D$4)*(('Mac Mini'!$F$2:$F$1000="")+('Mac Mini'!$F$2:$F$1000))) -> 0 | E8: =SUMPRODUCT(('Mac Mini'!$G$2:$G$1000=E$4)*(('Mac Mini'!$F$2:$F$1000="")+('Mac Mini'!$F$2:$F$1000))) -> 1 | F8: =SUM(B8:E8) -> 6
A9: CPU | B9: =SUMPRODUCT((CPU!$G$2:$G$1000=B$4)*((CPU!$F$2:$F$1000="")+(CPU!$F$2:$F$1000))) -> 6 | C9: =SUMPRODUCT((CPU!$G$2:$G$1000=C$4)*((CPU!$F$2:$F$1000="")+(CPU!$F$2:$F$1000))) -> 2 | D9: =SUMPRODUCT((CPU!$G$2:$G$1000=D$4)*((CPU!$F$2:$F$1000="")+(CPU!$F$2:$F$1000))) -> 0 | E9: =SUMPRODUCT((CPU!$G$2:$G$1000=E$4)*((CPU!$F$2:$F$1000="")+(CPU!$F$2:$F$1000))) -> 1 | F9: =SUM(B9:E9) -> 9
A10: Cables | B10: =SUMPRODUCT((Cables!$G$2:$G$1000=B$4)*((Cables!$F$2:$F$1000="")+(Cables!$F$2:$F$1000))) -> 95 | C10: =SUMPRODUCT((Cables!$G$2:$G$1000=C$4)*((Cables!$F$2:$F$1000="")+(Cables!$F$2:$F$1000))) -> 34 | D10: =SUMPRODUCT((Cables!$G$2:$G$1000=D$4)*((Cables!$F$2:$F$1000="")+(Cables!$F$2:$F$1000))) -> 8 | E10: =SUMPRODUCT((Cables!$G$2:$G$1000=E$4)*((Cables!$F$2:$F$1000="")+(Cables!$F$2:$F$1000))) -> 5 | F10: =SUM(B10:E10) -> 142
A11: Connectors | B11: =SUMPRODUCT((Connectors!$G$2:$G$1000=B$4)*((Connectors!$F$2:$F$1000="")+(Connectors!$F$2:$F$1000))) -> 66 | C11: =SUMPRODUCT((Connectors!$G$2:$G$1000=C$4)*((Connectors!$F$2:$F$1000="")+(Connectors!$F$2:$F$1000))) -> 47 | D11: =SUMPRODUCT((Connectors!$G$2:$G$1000=D$4)*((Connectors!$F$2:$F$1000="")+(Connectors!$F$2:$F$1000))) -> 14 | E11: =SUMPRODUCT((Connectors!$G$2:$G$1000=E$4)*((Connectors!$F$2:$F$1000="")+(Connectors!$F$2:$F$1000))) -> 5 | F11: =SUM(B11:E11) -> 132
A12: Laptop Stands | B12: =SUMPRODUCT(('Laptop Stands'!$G$2:$G$1000=B$4)*(('Laptop Stands'!$F$2:$F$1000="")+('Laptop Stands'!$F$2:$F$1000))) -> 14 | C12: =SUMPRODUCT(('Laptop Stands'!$G$2:$G$1000=C$4)*(('Laptop Stands'!$F$2:$F$1000="")+('Laptop Stands'!$F$2:$F$1000))) -> 4 | D12: =SUMPRODUCT(('Laptop Stands'!$G$2:$G$1000=D$4)*(('Laptop Stands'!$F$2:$F$1000="")+('Laptop Stands'!$F$2:$F$1000))) -> 1 | E12: =SUMPRODUCT(('Laptop Stands'!$G$2:$G$1000=E$4)*(('Laptop Stands'!$F$2:$F$1000="")+('Laptop Stands'!$F$2:$F$1000))) -> 1 | F12: =SUM(B12:E12) -> 20
A13: Mobile Stands | B13: =SUMPRODUCT(('Mobile Stands'!$G$2:$G$1000=B$4)*(('Mobile Stands'!$F$2:$F$1000="")+('Mobile Stands'!$F$2:$F$1000))) -> 13 | C13: =SUMPRODUCT(('Mobile Stands'!$G$2:$G$1000=C$4)*(('Mobile Stands'!$F$2:$F$1000="")+('Mobile Stands'!$F$2:$F$1000))) -> 8 | D13: =SUMPRODUCT(('Mobile Stands'!$G$2:$G$1000=D$4)*(('Mobile Stands'!$F$2:$F$1000="")+('Mobile Stands'!$F$2:$F$1000))) -> 0 | E13: =SUMPRODUCT(('Mobile Stands'!$G$2:$G$1000=E$4)*(('Mobile Stands'!$F$2:$F$1000="")+('Mobile Stands'!$F$2:$F$1000))) -> 3 | F13: =SUM(B13:E13) -> 24
A14: Keyboard & Mouse | B14: =SUMPRODUCT(('Keyboard & Mouse'!$G$2:$G$1000=B$4)*(('Keyboard & Mouse'!$F$2:$F$1000="")+('Keyboard & Mouse'!$F$2:$F$1000))) -> 18 | C14: =SUMPRODUCT(('Keyboard & Mouse'!$G$2:$G$1000=C$4)*(('Keyboard & Mouse'!$F$2:$F$1000="")+('Keyboard & Mouse'!$F$2:$F$1000))) -> 18 | D14: =SUMPRODUCT(('Keyboard & Mouse'!$G$2:$G$1000=D$4)*(('Keyboard & Mouse'!$F$2:$F$1000="")+('Keyboard & Mouse'!$F$2:$F$1000))) -> 0 | E14: =SUMPRODUCT(('Keyboard & Mouse'!$G$2:$G$1000=E$4)*(('Keyboard & Mouse'!$F$2:$F$1000="")+('Keyboard & Mouse'!$F$2:$F$1000))) -> 4 | F14: =SUM(B14:E14) -> 40
A15: Chargers | B15: =SUMPRODUCT((Chargers!$G$2:$G$1000=B$4)*((Chargers!$F$2:$F$1000="")+(Chargers!$F$2:$F$1000))) -> 18 | C15: =SUMPRODUCT((Chargers!$G$2:$G$1000=C$4)*((Chargers!$F$2:$F$1000="")+(Chargers!$F$2:$F$1000))) -> 13 | D15: =SUMPRODUCT((Chargers!$G$2:$G$1000=D$4)*((Chargers!$F$2:$F$1000="")+(Chargers!$F$2:$F$1000))) -> 2 | E15: =SUMPRODUCT((Chargers!$G$2:$G$1000=E$4)*((Chargers!$F$2:$F$1000="")+(Chargers!$F$2:$F$1000))) -> 4 | F15: =SUM(B15:E15) -> 37
A16: Printers | B16: =SUMPRODUCT((Printers!$G$2:$G$1000=B$4)*((Printers!$F$2:$F$1000="")+(Printers!$F$2:$F$1000))) -> 2 | C16: =SUMPRODUCT((Printers!$G$2:$G$1000=C$4)*((Printers!$F$2:$F$1000="")+(Printers!$F$2:$F$1000))) -> 0 | D16: =SUMPRODUCT((Printers!$G$2:$G$1000=D$4)*((Printers!$F$2:$F$1000="")+(Printers!$F$2:$F$1000))) -> 1 | E16: =SUMPRODUCT((Printers!$G$2:$G$1000=E$4)*((Printers!$F$2:$F$1000="")+(Printers!$F$2:$F$1000))) -> 1 | F16: =SUM(B16:E16) -> 4
A17: TOTAL | B17: =SUM(B5:B16) -> 265 | C17: =SUM(C5:C16) -> 133 | D17: =SUM(D5:D16) -> 27 | E17: =SUM(E5:E16) -> 31 | F17: =SUM(F5:F16) -> 456
